,EnrollMent,Name,Gender,Contact Number,City,OS,DMATHS,OOPJ,PEM,COA
0,1.8028E+11,pawan kumar,m,925-001-1948,Surat,60,64,68,65,60
1,1.8028E+11,sajid,m,187-532-0745,Bhuj,60,60,66,62,67
2,1.8028E+11,dakshina murthi,m,826-564-9053,Amreli,64,60,62,65,66
3,1.8028E+11,sohan singh urf rupsingh,m,474-640-1804,Vadodara,62,65,62,67,69
4,1.8028E+11,rajendra pal,m,524-811-1376,Gandhinagar,64,66,65,63,70
5,1.8028E+11,naveen kumar,m,384-037-9512,Bhuj,69,61,66,68,69
6,1.8028E+11,banwarilal,m,338-009-8732,Ahmedabad,67,61,65,62,69
7,1.8028E+11,ravi kumar,m,121-845-2795,Surat,65,62,66,63,64
8,1.8028E+11,rasab,m,815-816-0512,Ahmedabad,65,68,62,67,64
9,1.8028E+11,ajay,m,966-033-2416,Gandhinagar,66,60,67,60,69
10,1.8028E+11,shelesh,m,486-037-6264,Bhuj,67,61,64,63,61
11,1.8028E+11,pitar topo,m,747-785-8524,Vadodara,66,70,65,65,66
12,1.8028E+11,siraj,m,997-138-4165,Surat,69,66,63,67,70
13,1.8028E+11,bisto,m,373-368-4150,Ahmedabad,64,62,62,64,60
14,1.8028E+11,kishan sharma,m,187-748-1747,Rajkot,66,65,62,66,60
15,1.8028E+11,surender kumar,m,760-375-4316,Gandhinagar,66,62,68,68,67
16,1.8028E+11,parveen suyal,m,313-451-5240,Vadodara,60,69,65,67,70
17,1.8028E+11,lokesh,m,646-443-2307,Gandhinagar,61,66,68,70,66
18,1.8028E+11,sanpat,m,236-858-0068,Rajkot,70,63,67,65,62
19,1.8028E+11,mukesh kumar,m,185-785-0970,Surat,60,67,66,63,70
20,1.8028E+11,khalid,m,311-010-7530,Vadodara,60,67,66,62,67
21,1.8028E+11,sandee[,m,294-459-4841,Bhavnagar,65,67,64,69,69
22,1.8028E+11,phool chand,m,871-174-4374,Bhuj,68,65,65,63,65
23,1.8028E+11,vipin,m,777-466-6746,Rajkot,70,64,66,64,63
24,1.8028E+11,ravi swarnkar,m,331-234-6032,Amreli,70,68,61,65,67
25,1.8028E+11,aanad prkash goyal,m,820-675-0309,Bhavnagar,61,62,65,62,66
26,1.8028E+11,beragi singh,m,884-187-0262,Amreli,62,61,70,69,64
27,1.8028E+11,sunil,m,150-330-1491,Vadodara,62,69,60,65,69
28,1.8028E+11,nagender,m,303-330-1185,Bhavnagar,63,69,70,70,61
29,1.8028E+11,boby,m,645-507-6337,Surat,68,60,67,67,63
30,1.8028E+11,krishan,m,865-190-2975,Surat,62,64,67,62,60
31,1.8028E+11,kishor negi,m,738-718-9914,Bhuj,70,67,63,66,61
32,1.8028E+11,ajay kumar,m,762-319-3684,Surat,66,64,65,60,69
33,1.8028E+11,sachin,m,989-348-5093,Ahmedabad,67,64,65,65,63
34,1.8028E+11,sarik,m,576-195-2769,Amreli,61,62,70,66,68
35,1.8028E+11,mubashir ali,m,181-169-2191,Ahmedabad,62,61,61,70,63
36,1.8028E+11,heera lal,m,260-389-2524,Surat,66,64,70,68,69
37,1.8028E+11,deshraj,m,116-515-8520,Gandhinagar,69,69,70,61,62
38,1.8028E+11,mohd. salim,m,982-403-7435,Ahmedabad,69,64,70,68,67
39,1.8028E+11,narender singh,m,878-143-1625,Surat,66,62,65,62,66
40,1.8028E+11,kamlesh,m,742-315-7261,Rajkot,70,66,65,61,62
41,1.8028E+11,deepu kumar,m,467-399-9048,Amreli,63,61,68,65,62
42,1.8028E+11,moshin raza,m,212-488-8915,Vadodara,69,62,64,60,66
43,1.8028E+11,shyam pratap singh @ happy,m,711-196-2833,Rajkot,70,66,63,64,66
44,1.8028E+11,vishal,m,766-123-4771,Ahmedabad,69,65,60,69,66
45,1.8028E+11,aamir,m,308-430-7932,Vadodara,61,62,60,66,68
46,1.8028E+11,vipin kumar,m,963-008-2859,Amreli,64,61,70,66,70
47,1.8028E+11,jaipal,m,132-316-9891,Bhuj,60,68,70,68,62
48,1.8028E+11,mohamad awar,m,859-380-7310,Gandhinagar,63,70,61,63,69
49,1.8028E+11,tanveer,m,398-161-6605,Bhavnagar,66,65,61,60,67
50,1.8028E+11,harishen @ munna,m,606-685-2068,Rajkot,65,69,62,66,69
51,1.8028E+11,ajay,m,833-136-2528,Bhavnagar,61,60,68,69,61
52,1.8028E+11,ajay,m,265-218-0441,Amreli,70,61,65,69,66
53,1.8028E+11,phool kuwar @ mangal singh,m,461-747-4205,Ahmedabad,67,63,63,62,64
54,1.8028E+11,kaluram saini,m,374-713-9878,Gandhinagar,69,65,68,66,60
55,1.8028E+11,pawan kumar,m,738-523-8787,Bhuj,65,68,67,60,70
56,1.8028E+11,sunil,m,791-703-0604,Gandhinagar,70,62,65,66,61
57,1.8028E+11,aryan,m,472-394-3547,Bhuj,65,62,60,70,69
58,1.8028E+11,salim,m,852-483-9388,Surat,67,68,66,70,60
59,1.8028E+11,satan choudhary,m,773-847-8928,Bhavnagar,66,66,63,66,63
60,1.8028E+11,raju singh,m,959-513-5781,Rajkot,63,61,68,64,66
61,1.8028E+11,prmod paswan,m,657-333-7264,Rajkot,64,62,63,68,62
62,1.8028E+11,shri gyan chnad,m,350-174-8126,Bhavnagar,70,62,64,67,63
63,1.8028E+11,nasim,m,354-725-2867,Vadodara,70,64,60,64,63
64,1.8028E+11,sajid ali,m,312-877-5470,Bhuj,67,66,67,62,63
65,1.8028E+11,nadir,m,743-705-2655,Bhavnagar,63,65,64,68,67
66,1.8028E+11,sanjeev,m,886-618-4004,Ahmedabad,69,67,60,60,62
67,1.8028E+11,deepak @ lucky,m,565-397-6223,Rajkot,64,61,65,62,70
68,1.8028E+11,saddam,m,865-478-3645,Rajkot,70,64,62,69,66
69,1.8028E+11,mustak ahmed,m,504-296-3803,Gandhinagar,70,63,67,65,69
70,1.8028E+11,kunj bihari,m,206-349-3786,Rajkot,64,62,68,70,65
71,1.8028E+11,tushar bansal,m,566-624-1412,Amreli,67,63,66,65,63
72,1.8028E+11,mukesh kumar,m,530-843-0895,Vadodara,69,61,67,61,66
73,1.8028E+11,vijendar,m,657-451-0073,Amreli,69,63,65,63,67
74,1.8028E+11,bhojaram,m,618-059-2085,Surat,60,60,62,65,65
75,1.8028E+11,nitesh,m,662-011-5264,Vadodara,65,61,63,61,67
76,1.8028E+11,lakh ram,m,646-289-1148,Rajkot,67,67,69,63,68
77,1.8028E+11,sukhbeer singh,m,524-176-6217,Rajkot,68,68,70,61,60
78,1.8028E+11,dinesh kumar,m,658-858-8735,Gandhinagar,66,66,63,66,63
79,1.8028E+11,kiran kumar,m,483-166-4168,Surat,61,66,69,63,68
80,1.8028E+11,rishabh kumar,m,956-052-1749,Bhuj,62,63,65,61,70
81,1.8028E+11,sukhavinder singh,m,389-750-5163,Bhuj,70,61,63,65,67
82,1.8028E+11,jai bhagwan,m,694-153-3849,Ahmedabad,62,67,63,66,60
83,1.8028E+11,suresh chand,m,843-374-2610,Rajkot,68,67,70,69,65
84,1.8028E+11,govind,m,363-212-7620,Bhuj,68,63,64,65,67
85,1.8028E+11,heera lal,m,481-826-4086,Bhavnagar,60,61,68,67,63
86,1.8028E+11,jai kumar,m,751-478-2134,Bhuj,65,64,61,66,64
87,1.8028E+11,rajkumar,m,515-732-8623,Ahmedabad,68,62,66,64,65
88,1.8028E+11,sunil kumar @ bunty,m,593-528-7044,Rajkot,63,70,60,66,61
89,1.8028E+11,selva raj,m,912-864-2117,Amreli,69,64,68,60,66
90,1.8028E+11,amar nath,m,751-120-2666,Surat,65,65,70,69,67
91,1.8028E+11,majid ansari,m,250-554-7058,Bhuj,69,67,60,61,69
92,1.8028E+11,sugai vishwas,m,322-780-9052,Surat,65,65,60,61,69
93,1.8028E+11,nishant,m,963-141-2240,Surat,63,67,62,64,65
94,1.8028E+11,taufik alam,m,773-077-2053,Gandhinagar,64,70,63,61,62
95,1.8028E+11,rohit,m,506-289-8498,Gandhinagar,63,64,70,70,69
96,1.8028E+11,rajesh,m,985-683-4728,Amreli,64,64,62,64,64
97,1.8028E+11,om prakash,m,115-842-7600,Bhuj,70,65,66,68,60
98,1.8028E+11,amit,m,155-617-5929,Surat,69,63,62,60,64
99,1.8028E+11,prahlad,m,917-231-2517,Surat,67,66,65,60,60
100,1.8028E+11,munder lal,m,473-712-0860,Rajkot,51,18,34,22,24
101,1.8028E+11,harender,m,782-516-0956,Ahmedabad,25,44,33,69,40
102,1.8028E+11,bhura khan,m,616-790-0983,Surat,56,37,61,68,48
103,1.8028E+11,priti,m,556-140-8850,Rajkot,32,38,65,23,29
104,1.8028E+11,sandeep,m,828-079-6229,Rajkot,70,22,64,15,69
105,1.8028E+11,gaurav,m,746-182-1259,Vadodara,52,32,60,47,29
106,1.8028E+11,ramesh chand tirvedi,m,693-467-3918,Surat,49,58,44,28,29
107,1.8028E+11,akash lal,m,194-139-2090,Bhuj,66,31,65,39,69
108,1.8028E+11,"tek chand s/o nanu ram r/o h.no.105, 3rd floor, pk",m,745-502-0580,Bhuj,48,46,49,70,35
109,1.8028E+11,sh. bharu singh,m,447-601-5935,Rajkot,19,17,16,24,16
110,1.8028E+11,sehnawaj,m,621-650-9554,Bhavnagar,65,46,59,23,63
111,1.8028E+11,mandu ram,m,156-107-9811,Ahmedabad,33,69,65,39,40
112,1.8028E+11,kamaldeep,m,948-611-7894,Rajkot,28,28,65,23,30
113,1.8028E+11,sarabjeet singh,m,219-624-6261,Vadodara,26,28,19,15,64
114,1.8028E+11,luv kumar @ tony,m,357-017-9166,Rajkot,45,59,46,54,44
115,1.8028E+11,lakshya sharma,m,933-822-7767,Ahmedabad,26,64,65,68,36
116,1.8028E+11,jahgeer,m,284-430-7914,Rajkot,41,17,58,70,56
117,1.8028E+11,vijay,m,379-269-7703,Surat,24,49,61,46,40
118,1.8028E+11,sunil kumar,m,957-585-9019,Gandhinagar,43,51,31,17,54
119,1.8028E+11,nishant,m,378-713-4361,Amreli,43,58,58,69,33
120,1.8028E+11,rajesh kumar,m,499-789-5984,Bhuj,67,52,29,45,29
121,1.8028E+11,vivek,m,614-799-9696,Ahmedabad,33,38,32,27,56
122,1.8028E+11,sanjay handda,m,686-344-6167,Bhavnagar,68,20,46,42,54
123,1.8028E+11,aaenab sheikh,m,343-541-7311,Surat,34,44,28,44,65
124,1.8028E+11,vikash mirdha,m,218-438-2591,Rajkot,45,53,36,27,62
125,1.8028E+11,nitin gupta,m,142-245-0104,Bhavnagar,17,70,25,58,20
126,1.8028E+11,mohad islam,m,186-502-7488,Bhavnagar,58,60,50,27,67
127,1.8028E+11,matadeen,m,842-734-6191,Vadodara,57,42,41,60,33
128,1.8028E+11,irshad @ sameer,m,142-295-8708,Vadodara,43,69,49,48,64
129,1.8028E+11,lali,m,639-493-7340,Surat,62,64,25,54,16
130,1.8028E+11,ram lal,m,716-532-1174,Amreli,48,38,47,52,64
131,1.8028E+11,lehru lal,m,999-471-7186,Bhavnagar,59,23,19,63,44
132,1.8028E+11,newal kishor,m,787-427-1442,Bhavnagar,39,31,15,61,27
133,1.8028E+11,ravindr,m,525-389-8764,Bhuj,46,16,24,28,57
134,1.8028E+11,ravindra singh kandari,m,711-126-4178,Surat,67,25,68,50,22
135,1.8028E+11,pawan jangir,m,277-452-4441,Ahmedabad,66,37,34,55,58
136,1.8028E+11,surendra,m,118-091-1238,Rajkot,62,40,47,68,34
137,1.8028E+11,tinku,m,140-028-0915,Bhavnagar,54,17,58,67,62
138,1.8028E+11,rati pal,m,416-744-3628,Bhavnagar,65,53,62,47,21
139,1.8028E+11,jisaan,m,759-192-1893,Bhavnagar,43,21,50,22,26
140,1.8028E+11,atul jalan,m,942-799-5372,Gandhinagar,61,23,19,40,68
141,1.8028E+11,anil kumar,m,830-666-8275,Rajkot,56,61,16,28,24
142,1.8028E+11,mnoj sethi,m,286-488-5724,Rajkot,17,40,64,19,45
143,1.8028E+11,sunil garg,m,861-729-9643,Ahmedabad,63,57,43,68,67
144,1.8028E+11,mukesh,m,860-169-4366,Amreli,30,39,57,38,40
145,1.8028E+11,hansraj,m,812-440-7436,Amreli,52,41,46,57,42
146,1.8028E+11,anoop singh patwal,m,709-582-5422,Amreli,24,20,40,39,20
147,1.8028E+11,ashish yadav,m,527-387-2620,Rajkot,60,60,31,63,66
148,1.8028E+11,aaftab aslam,m,922-108-2452,Amreli,58,19,23,25,57
149,1.8028E+11,amrit,m,253-632-0389,Surat,29,39,27,46,27
150,1.8028E+11,arman,m,371-032-8670,Gandhinagar,45,52,28,59,41
151,1.8028E+11,constable  sanjai kumar,m,886-220-6133,Bhuj,50,41,50,28,47
152,1.8028E+11,ameer divan,m,710-600-5407,Amreli,59,29,17,62,43
153,1.8028E+11,jawed ahmad,m,810-714-4452,Vadodara,48,61,70,58,20
154,1.8028E+11,nitin  or rohit,m,922-295-0596,Bhuj,31,31,41,21,16
155,1.8028E+11,gopiram atal,m,595-683-7821,Gandhinagar,68,58,27,33,49
156,1.8028E+11,vikash pandy,m,550-073-2654,Vadodara,34,49,29,24,60
157,1.8028E+11,bilal,m,844-783-0285,Surat,15,61,26,43,15
158,1.8028E+11,ramesh babu,m,849-611-5167,Bhavnagar,18,64,65,31,38
159,1.8028E+11,naresh semwal,m,676-746-6522,Amreli,59,30,67,34,53
160,1.8028E+11,joholal soren,m,771-130-6414,Bhavnagar,34,33,59,42,23
161,1.8028E+11,akansh anand,m,109-683-9884,Amreli,60,33,36,57,30
162,1.8028E+11,harsh singh bisht,m,763-725-5656,Bhuj,46,49,36,30,55
163,1.8028E+11,sonu kumar,m,801-827-5090,Bhuj,22,66,33,19,21
164,1.8028E+11,suraj,m,936-820-1241,Surat,34,17,25,42,22
165,1.8028E+11,kishan yadav,m,741-203-2622,Ahmedabad,58,39,31,36,61
166,1.8028E+11,rakesh  gupta,m,141-472-7962,Amreli,66,55,22,15,50
167,1.8028E+11,pushpendr,m,341-635-7849,Surat,62,48,58,22,65
168,1.8028E+11,raj karan,m,734-883-5684,Bhavnagar,43,58,19,46,40
169,1.8028E+11,chettan,m,137-722-6559,Bhuj,51,65,67,50,33
170,1.8028E+11,pavan kumar sharma,m,367-527-6926,Bhavnagar,18,31,29,48,17
171,1.8028E+11,sukhdev singh,m,446-479-3945,Surat,33,57,16,25,54
172,1.8028E+11,sudhir kumar,m,729-404-6408,Gandhinagar,44,63,68,62,42
173,1.8028E+11,shubham,m,490-703-1831,Gandhinagar,47,59,39,66,32
174,1.8028E+11,shiv charan,m,710-124-4630,Ahmedabad,38,62,46,39,46
175,1.8028E+11,katwa,m,156-283-1764,Surat,15,24,21,34,46
176,1.8028E+11,sukhbir singh,m,588-508-9228,Bhavnagar,32,28,28,45,53
177,1.8028E+11,monu,m,637-095-5806,Rajkot,58,43,45,18,22
178,1.8028E+11,sonu pandey,m,270-358-7786,Vadodara,27,47,20,16,46
179,1.8028E+11,anash,m,826-511-5980,Bhavnagar,26,26,15,16,21
180,1.8028E+11,yogendr,m,130-190-7850,Bhuj,51,37,32,68,39
181,1.8028E+11,riyajudin,m,421-608-7733,Surat,63,42,31,68,41
182,1.8028E+11,pawan kumar,m,643-403-4398,Bhavnagar,32,17,60,57,32
183,1.8028E+11,shyam kishn,m,782-464-3502,Bhuj,43,41,17,54,48
184,1.8028E+11,raju,m,491-514-6317,Vadodara,17,32,54,47,15
185,1.8028E+11,ravi kumar,m,545-398-3270,Surat,38,27,42,55,56
186,1.8028E+11,himanshu,m,199-075-9620,Bhuj,26,17,61,19,59
187,1.8028E+11,mohd. aslam,m,378-610-7252,Surat,46,15,58,41,28
188,1.8028E+11,vicky @ gaggi,m,751-483-7036,Bhuj,39,47,26,66,67
189,1.8028E+11,rajeev,m,210-739-6848,Bhuj,17,39,63,53,58
190,1.8028E+11,firoj,m,737-557-7601,Bhuj,24,55,29,38,19
191,1.8028E+11,deepak,m,639-849-8391,Amreli,58,45,38,15,42
192,1.8028E+11,charan singh,m,460-400-3669,Surat,44,31,29,56,57
193,1.8028E+11,aftab,m,776-303-8629,Ahmedabad,52,64,54,59,31
194,1.8028E+11,akash,m,994-540-8404,Rajkot,51,50,30,57,36
195,1.8028E+11,rahul sharma,m,175-043-1902,Bhuj,69,63,45,25,33
196,1.8028E+11,ajay,m,422-421-8123,Bhavnagar,61,67,42,16,66
197,1.8028E+11,prem kumar,m,874-612-0316,Gandhinagar,37,19,61,36,46
198,1.8028E+11,sukar yadav,m,874-244-4396,Gandhinagar,34,54,28,48,43
199,1.8028E+11,fida hussain @monu,m,515-052-4989,Amreli,23,49,41,65,58
200,1.8028E+11,mohd zaid,m,599-597-7044,Bhuj,45,48,19,34,68
201,1.8028E+11,govind bari @ goma,m,178-746-1120,Amreli,23,18,42,39,44
202,1.8028E+11,parbhudayal,m,300-234-3320,Ahmedabad,49,25,66,22,29
203,1.8028E+11,prince verma,m,896-264-0360,Rajkot,44,57,69,46,40
204,1.8028E+11,ujir khan,m,231-777-4427,Surat,37,37,63,37,33
205,1.8028E+11,akash gupta,m,952-754-5530,Ahmedabad,50,33,70,56,66
206,1.8028E+11,neeraj singh,m,768-042-3512,Vadodara,32,32,34,70,18
207,1.8028E+11,kumari archana chauhan,m,488-430-2168,Bhuj,60,43,17,37,24
208,1.8028E+11,ram bhajan,m,516-831-9049,Gandhinagar,67,40,59,54,31
209,1.8028E+11,raju gupta,m,878-222-5394,Bhuj,20,62,43,61,61
210,1.8028E+11,mandeep kumar,m,788-674-3282,Bhavnagar,25,40,39,18,31
211,1.8028E+11,inderjeet @ munna,m,107-678-9575,Bhuj,16,65,58,24,15
212,1.8028E+11,ashu,m,999-734-2850,Bhavnagar,65,33,65,61,56
213,1.8028E+11,prakesh gupta,m,948-668-5240,Ahmedabad,41,36,31,36,66
214,1.8028E+11,sandeep,m,611-846-1385,Amreli,62,64,40,67,24
215,1.8028E+11,ashok kumar,m,220-850-0350,Bhuj,33,16,33,34,19
216,1.8028E+11,mool chand,m,949-705-3928,Rajkot,33,20,15,46,50
217,1.8028E+11,harender singh,m,493-582-2663,Vadodara,52,21,41,20,25
218,1.8028E+11,vinod kumar,m,470-186-3963,Gandhinagar,18,55,21,45,39
219,1.8028E+11,momin kureshi,m,164-717-6508,Bhuj,48,67,48,50,35
220,1.8028E+11,mamraj sharma s/o genda lal sharma,m,177-564-3367,Rajkot,27,40,55,18,31
221,1.8028E+11,rakesh sharma,m,907-645-3762,Gandhinagar,28,42,63,47,35
222,1.8028E+11,ramkumari devi,m,902-841-9088,Vadodara,60,39,21,24,57
223,1.8028E+11,durganand,m,942-810-4987,Bhavnagar,46,64,65,39,60
224,1.8028E+11,rajat kumar,m,678-207-3384,Gandhinagar,63,45,23,35,64
225,1.8028E+11,md aariv,m,647-250-6862,Bhavnagar,30,25,31,36,37
226,1.8028E+11,wasim,m,437-037-0103,Rajkot,52,68,66,67,30
227,1.8028E+11,ravinder,m,132-104-5046,Rajkot,27,47,61,28,53
228,1.8028E+11,wasim,m,533-400-2176,Surat,70,57,56,52,52
229,1.8028E+11,satish,m,541-051-7463,Gandhinagar,32,63,16,26,46
230,1.8028E+11,mohit,m,141-299-2157,Bhuj,33,17,65,46,34
231,1.8028E+11,yeshpal,m,644-594-6641,Bhavnagar,15,60,20,48,67
232,1.8028E+11,bhauk tyagi,m,195-215-0478,Surat,29,25,62,16,23
233,1.8028E+11,manish kumar,m,727-500-0356,Vadodara,26,48,24,29,27
234,1.8028E+11,sunil,m,400-399-6571,Surat,58,18,20,49,60
235,1.8028E+11,shyam sunder,m,532-571-9912,Amreli,64,41,24,58,68
236,1.8028E+11,ravi,m,642-072-4021,Amreli,39,64,19,37,29
237,1.8028E+11,ramesh ram,m,594-627-1434,Bhuj,58,47,49,45,19
238,1.8028E+11,sunil uref gouradhan jat,m,596-683-1751,Ahmedabad,26,52,66,33,27
239,1.8028E+11,sachin kumar sharma,m,670-491-6193,Bhavnagar,28,40,67,64,46
240,1.8028E+11,shashi pandit,m,647-371-6115,Rajkot,62,31,59,61,27
241,1.8028E+11,pankaj kumar,m,894-641-3644,Bhavnagar,63,26,51,45,21
242,1.8028E+11,rehaan,m,152-858-8173,Ahmedabad,38,45,29,30,56
243,1.8028E+11,ashok,m,713-170-3292,Amreli,46,40,69,61,58
244,1.8028E+11,parveen,m,781-480-6362,Bhavnagar,67,34,69,69,39
245,1.8028E+11,mangol jao singh,m,553-860-1033,Vadodara,69,28,27,68,22
246,1.8028E+11,rai singh,m,158-888-6679,Bhuj,62,70,48,58,60
247,1.8028E+11,suraj kumar,m,334-209-3379,Bhuj,39,51,22,46,47
248,1.8028E+11,kishan kumar,m,927-060-7520,Bhavnagar,56,19,21,29,60
249,1.8028E+11,arif hussain,m,967-813-8331,Amreli,46,35,54,47,41
250,1.8028E+11,yash,m,907-597-6775,Rajkot,20,29,37,39,60
251,1.8028E+11,vijay singhal,m,583-864-1215,Gandhinagar,66,16,62,39,57
252,1.8028E+11,akil@sonu,m,927-172-8378,Rajkot,55,38,27,62,22
253,1.8028E+11,rahul,m,767-729-7122,Gandhinagar,25,19,37,30,19
254,1.8028E+11,rahul sharma,m,685-619-7336,Rajkot,70,17,35,36,18
255,1.8028E+11,vijay kumar,m,946-802-7414,Gandhinagar,25,59,27,48,65
256,1.8028E+11,ashok pal,m,128-821-3172,Amreli,49,45,42,15,67
257,1.8028E+11,vikas kumar,m,554-792-4459,Bhavnagar,70,18,59,41,16
258,1.8028E+11,jabir,m,154-373-8925,Vadodara,39,64,45,54,63
259,1.8028E+11,sajju,m,631-089-4072,Bhuj,56,50,53,61,21
260,1.8028E+11,amit kumar @ mona,m,373-887-2306,Rajkot,17,35,56,58,36
261,1.8028E+11,manoj kumar,m,827-516-7880,Bhavnagar,26,24,48,58,38
262,1.8028E+11,pappu,m,438-281-1984,Gandhinagar,42,16,43,18,53
263,1.8028E+11,golu,m,446-672-8194,Amreli,53,25,68,31,27
264,1.8028E+11,sachin,m,797-658-7909,Gandhinagar,38,26,42,43,64
265,1.8028E+11,raj kumar,m,401-511-7111,Rajkot,57,20,57,27,70
266,1.8028E+11,tej pal singh,m,797-171-1740,Vadodara,37,36,66,69,44
267,1.8028E+11,ankit,m,630-471-0720,Surat,27,67,33,29,66
268,1.8028E+11,kundan singh,m,775-628-6442,Ahmedabad,27,63,66,24,51
269,1.8028E+11,ashish kumar,m,899-278-4634,Ahmedabad,46,27,59,48,61
270,1.8028E+11,bhopal,m,608-515-0369,Rajkot,46,63,50,31,67
271,1.8028E+11,yogendra,m,388-689-0133,Surat,33,68,25,42,35
272,1.8028E+11,rajend,m,762-139-5576,Bhavnagar,26,38,37,21,65
273,1.8028E+11,parveen,m,602-860-3089,Bhavnagar,63,52,26,18,31
274,1.8028E+11,sumender pradhan,m,357-667-9767,Amreli,20,23,16,23,42
275,1.8028E+11,subham,m,135-729-3600,Gandhinagar,53,39,46,63,57
276,1.8028E+11,rameshwar kumar,m,558-096-2508,Vadodara,30,26,31,35,54
277,1.8028E+11,neeraj,m,800-339-4416,Surat,69,40,69,46,40
278,1.8028E+11,bal kishan @ bunty,m,747-133-9366,Gandhinagar,38,39,56,48,56
279,1.8028E+11,anish,m,912-698-8731,Gandhinagar,59,64,41,46,37
280,1.8028E+11,banty,m,589-142-3833,Rajkot,63,46,22,42,21
281,1.8028E+11,sunil chauhan,m,346-574-9156,Ahmedabad,50,57,22,17,17
282,1.8028E+11,rahul sharma,m,710-660-1112,Bhuj,18,35,61,21,36
283,1.8028E+11,sohail,m,978-529-7543,Ahmedabad,40,43,57,22,36
284,1.8028E+11,ijhar khan @ golu,m,303-152-4230,Bhavnagar,42,19,31,63,64
285,1.8028E+11,shadab ali,m,314-601-7943,Bhavnagar,54,48,21,46,35
286,1.8028E+11,ashok pandey,m,367-634-3990,Vadodara,54,15,25,36,66
287,1.8028E+11,suraj,m,381-862-3573,Vadodara,66,64,21,55,69
288,1.8028E+11,deepak,m,155-380-0630,Bhuj,57,37,48,18,50
289,1.8028E+11,md. asif @ sahil @ ashu,m,719-419-1779,Bhuj,70,64,32,47,35
290,1.8028E+11,abdul hamid,m,686-730-8721,Amreli,34,58,56,27,57
291,1.8028E+11,suraj hajara,m,223-876-6802,Vadodara,63,41,33,34,51
292,1.8028E+11,virender,m,171-408-2562,Vadodara,57,25,40,34,43
293,1.8028E+11,bijender,m,158-260-2486,Bhavnagar,30,16,21,64,18
294,1.8028E+11,subodh,m,160-821-1603,Rajkot,52,68,51,20,43
295,1.8028E+11,chander shekar,m,313-184-1632,Amreli,16,17,68,33,34
296,1.8028E+11,pawan,m,244-092-5806,Rajkot,32,70,42,54,20
297,1.8028E+11,chotan,m,399-552-0769,Surat,24,19,37,24,37
298,1.8028E+11,babul al,m,158-286-2664,Bhuj,20,61,67,46,62
299,1.8028E+11,deepak,m,460-691-7226,Ahmedabad,34,18,16,27,20
300,1.8028E+11,deepak,m,451-399-5481,Amreli,16,63,58,28,62
301,1.8028E+11,omi,m,979-506-6419,Bhuj,45,17,56,47,38
302,1.8028E+11,ramesh,m,984-209-7642,Amreli,53,20,53,64,60
303,1.8028E+11,devraj,m,357-099-4447,Rajkot,24,28,46,23,19
304,1.8028E+11,nankesh,m,851-076-4800,Vadodara,17,47,19,69,21
305,1.8028E+11,salman,m,602-543-3389,Bhavnagar,66,64,60,40,70
306,1.8028E+11,jitender,m,361-126-7661,Bhavnagar,27,56,19,31,38
307,1.8028E+11,rajna,m,354-149-9482,Gandhinagar,44,34,27,26,65
308,1.8028E+11,dharm pal s/o nawal singh,m,946-601-1332,Bhuj,43,15,41,52,52
309,1.8028E+11,dinesh,m,780-390-2433,Rajkot,27,56,44,49,21
310,1.8028E+11,naulakh,m,781-385-7772,Bhavnagar,29,54,32,58,35
311,1.8028E+11,vikash arora,m,314-343-0175,Gandhinagar,69,17,41,61,42
312,1.8028E+11,faimuddin,m,991-358-6945,Surat,63,49,49,16,24
313,1.8028E+11,harbhajan singh,m,186-357-3276,Ahmedabad,39,65,54,51,62
314,1.8028E+11,mohd zaki,m,209-867-2426,Bhuj,43,68,15,51,17
315,1.8028E+11,rahim,m,212-618-9330,Surat,15,61,63,27,57
316,1.8028E+11,balbir singh,m,658-831-9608,Amreli,68,63,70,39,36
317,1.8028E+11,ashu,m,902-085-4274,Gandhinagar,45,31,44,32,60
318,1.8028E+11,hardeep,m,885-108-7010,Bhavnagar,35,42,43,41,69
319,1.8028E+11,sadod ali,m,876-008-1351,Vadodara,35,20,36,21,48
320,1.8028E+11,ram charan,m,908-435-1464,Vadodara,18,51,61,55,33
321,1.8028E+11,kirpa sankar,m,914-595-9408,Ahmedabad,45,68,60,22,29
322,1.8028E+11,hukma ram,m,702-212-1231,Bhavnagar,16,21,29,40,32
323,1.8028E+11,anil @ arvind,m,298-490-6123,Vadodara,27,17,20,40,60
324,1.8028E+11,nrotam dat,m,589-390-7871,Rajkot,23,57,69,22,38
325,1.8028E+11,surindera rajpal,m,672-627-0806,Bhavnagar,22,48,60,61,24
326,1.8028E+11,navnit garg,m,492-356-6903,Gandhinagar,66,54,31,20,35
327,1.8028E+11,sunil chopra,m,281-439-8723,Ahmedabad,52,17,63,70,49
328,1.8028E+11,sonu kumar,m,360-303-9994,Bhavnagar,69,54,70,39,53
329,1.8028E+11,sukhdev prasad,m,376-756-9463,Vadodara,27,67,24,43,59
330,1.8028E+11,amit kumar nagliya,m,452-345-5575,Bhuj,54,47,59,22,41
331,1.8028E+11,vishal chaudhary,m,900-559-9732,Bhuj,37,55,43,69,16
332,1.8028E+11,lokesh kumar,m,929-884-7410,Ahmedabad,35,33,16,21,23
333,1.8028E+11,inkoo,m,570-087-9638,Vadodara,15,50,50,62,67
334,1.8028E+11,मुकेश,m,712-150-7083,Ahmedabad,47,42,25,34,47
335,1.8028E+11,rajesh gupta,m,514-521-6453,Surat,70,28,63,69,28
336,1.8028E+11,naresh kumar,m,597-615-6063,Bhavnagar,61,63,45,54,38
337,1.8028E+11,dhirender,m,568-424-9798,Amreli,60,36,66,49,64
338,1.8028E+11,aakash kumar,m,206-462-5458,Amreli,40,29,57,18,28
339,1.8028E+11,ramvir,m,708-658-2304,Amreli,46,66,66,31,39
340,1.8028E+11,samim @ sonu,m,555-660-1982,Bhuj,44,17,36,16,46
341,1.8028E+11,vijay kumar,m,199-664-4373,Bhuj,45,70,63,54,59
342,1.8028E+11,pransis kallu,m,309-205-6445,Bhavnagar,42,32,23,69,32
343,1.8028E+11,bacche singh,m,797-630-7012,Bhavnagar,70,33,43,69,36
344,1.8028E+11,govind patel,m,831-472-5959,Bhavnagar,15,56,64,43,64
345,1.8028E+11,ram dayal,m,909-116-1200,Amreli,16,26,28,59,67
346,1.8028E+11,mannulal,m,824-623-3555,Amreli,58,39,62,44,19
347,1.8028E+11,pankaj jina,m,359-740-9347,Rajkot,29,63,16,48,37
348,1.8028E+11,rahul kumar,m,284-645-2307,Bhuj,32,65,41,45,18
349,1.8028E+11,ravi,m,907-005-0867,Bhavnagar,57,69,64,70,24
350,1.8028E+11,yogesh chahar,m,808-578-7674,Bhuj,22,60,56,49,19
351,1.8028E+11,vikash,m,883-694-8013,Bhavnagar,37,24,22,23,35
352,1.8028E+11,dildar khan,m,546-619-7663,Amreli,24,18,24,63,17
353,1.8028E+11,pankaj chaudhary,m,262-689-7275,Amreli,30,51,20,68,66
354,1.8028E+11,balraj singh,m,357-741-8238,Rajkot,25,48,29,29,57
355,1.8028E+11,manish,m,174-612-4067,Vadodara,57,22,35,42,49
356,1.8028E+11,samon,m,522-055-6098,Ahmedabad,48,31,26,17,31
357,1.8028E+11,kuldeep singh,m,443-776-3857,Bhavnagar,31,38,69,39,42
358,1.8028E+11,neeraj sahgal,m,154-847-1671,Vadodara,26,29,15,47,67
359,1.8028E+11,lal chand,m,239-680-9403,Ahmedabad,43,36,49,19,53
360,1.8028E+11,hawa singh,m,560-160-8396,Rajkot,56,60,43,27,65
361,1.8028E+11,mukesh bluni,m,907-603-5133,Vadodara,50,19,69,32,32
362,1.8028E+11,roopsingh,m,551-036-5179,Vadodara,38,48,38,52,58
363,1.8028E+11,dilawar,m,978-418-7159,Amreli,27,66,36,19,56
364,1.8028E+11,rakesh kumar,m,668-007-6946,Ahmedabad,68,30,33,36,58
365,1.8028E+11,paras,m,168-753-4393,Ahmedabad,45,33,26,66,51
366,1.8028E+11,laxman,m,903-568-4656,Bhuj,21,66,44,30,69
367,1.8028E+11,ankur baliyan,m,247-626-4304,Amreli,27,38,45,34,27
368,1.8028E+11,madan mohan meena,m,982-267-7039,Vadodara,47,64,53,48,58
369,1.8028E+11,vinay,m,528-846-8623,Vadodara,26,53,33,18,42
370,1.8028E+11,deepak sharma,m,931-296-6175,Ahmedabad,17,15,50,24,35
371,1.8028E+11,parvez,m,718-600-1244,Rajkot,39,64,23,19,65
372,1.8028E+11,gorav,m,319-877-1305,Gandhinagar,21,30,70,68,65
373,1.8028E+11,rohit kumar,m,806-085-2548,Amreli,42,24,30,63,43
374,1.8028E+11,rajnish dev,m,552-321-9505,Vadodara,46,52,64,34,50
375,1.8028E+11,revndrshing,m,726-888-1515,Vadodara,24,66,53,68,46
376,1.8028E+11,anjani kumar,m,202-346-9881,Rajkot,70,66,63,32,38
377,1.8028E+11,sufian,m,714-673-5443,Bhuj,27,51,28,56,19
378,1.8028E+11,arman,m,471-033-7898,Gandhinagar,66,19,22,30,70
379,1.8028E+11,rohit,m,348-077-6184,Bhuj,27,32,56,32,15
380,1.8028E+11,raj kumar choudhry,m,530-226-5847,Surat,59,66,69,31,62
381,1.8028E+11,rohit,m,552-177-8520,Gandhinagar,19,64,48,25,64
382,1.8028E+11,sanchit mittal,m,773-563-2329,Ahmedabad,70,65,47,25,33
383,1.8028E+11,tanmay,m,120-286-6799,Bhuj,16,24,35,33,34
384,1.8028E+11,abdul rahuf,m,330-753-1042,Bhavnagar,23,38,26,44,56
385,1.8028E+11,manish ( with daughter purwa 7 years ),m,511-524-3969,Bhuj,30,67,48,58,33
386,1.8028E+11,sakcham,m,476-135-3482,Vadodara,40,28,36,17,17
387,1.8028E+11,surendar,m,266-648-7486,Vadodara,38,61,66,61,62
388,1.8028E+11,sachin singh,m,214-269-3128,Rajkot,52,16,33,31,59
389,1.8028E+11,ranjit singh,m,486-773-8852,Vadodara,28,62,38,65,58
390,1.8028E+11,ghanshyam,m,909-883-2868,Amreli,58,42,24,27,61
391,1.8028E+11,rahul jain,m,945-790-0501,Amreli,43,58,27,51,46
392,1.8028E+11,rakesh,m,570-448-9310,Bhavnagar,57,15,45,69,61
393,1.8028E+11,pradep,m,727-353-8304,Amreli,38,33,32,69,67
394,1.8028E+11,dhananjai,m,178-368-8942,Amreli,22,61,61,40,58
395,1.8028E+11,sumer malik,m,445-231-3698,Rajkot,48,53,48,51,48
396,1.8028E+11,santosh kumar dube,m,582-424-8105,Bhuj,33,46,24,29,31
397,1.8028E+11,kishor rai,m,862-775-0455,Bhavnagar,60,30,37,16,61
398,1.8028E+11,pankaj mishra,m,129-632-6242,Amreli,31,37,69,53,35
399,1.8028E+11,rajiv goyal,m,306-486-4926,Ahmedabad,15,52,70,65,45
400,1.8028E+11,parvej,m,744-745-9413,Surat,25,19,55,56,17
401,1.8028E+11,hemant,m,745-063-0677,Bhavnagar,19,69,38,19,46
402,1.8028E+11,chintan saini,m,578-644-9591,Vadodara,62,53,25,64,68
403,1.8028E+11,tejpal,m,910-115-8805,Bhuj,29,17,31,57,28
404,1.8028E+11,anil,m,840-729-3468,Bhavnagar,64,40,59,21,57
405,1.8028E+11,dinesh tyagi,m,940-600-2641,Bhuj,59,27,39,61,70
406,1.8028E+11,chote,m,573-548-6091,Ahmedabad,26,68,30,26,50
407,1.8028E+11,mohd suleman,m,584-801-8875,Bhavnagar,39,65,49,21,36
408,1.8028E+11,neeraj kumar,m,962-698-0868,Vadodara,23,17,16,25,49
409,1.8028E+11,nitin @ bhura,m,878-659-0742,Amreli,19,67,52,58,48
410,1.8028E+11,sagir ahmad,m,201-779-8128,Rajkot,38,17,69,50,42
411,1.8028E+11,harish sharma,m,287-510-2573,Amreli,55,21,24,47,21
412,1.8028E+11,said mohmad,m,300-884-0029,Vadodara,15,62,32,16,45
413,1.8028E+11,shivam avwsthi,m,604-038-5516,Surat,51,55,51,49,26
414,1.8028E+11,munna kumar @ pankaj,m,557-307-3688,Ahmedabad,21,25,40,30,17
415,1.8028E+11,paratibha,m,312-032-2673,Bhavnagar,16,29,62,51,64
416,1.8028E+11,sanjay kumar tripathi,m,461-027-7738,Bhuj,40,37,16,60,18
417,1.8028E+11,sant ram,m,547-545-1748,Surat,41,58,37,35,62
418,1.8028E+11,surgyan,m,326-252-6720,Surat,51,28,51,53,26
419,1.8028E+11,narender saini,m,396-216-8695,Bhavnagar,50,48,51,33,36
420,1.8028E+11,naresh kumar,m,381-024-8435,Gandhinagar,19,50,56,33,68
421,1.8028E+11,suresh,m,223-537-0787,Amreli,48,25,38,23,49
422,1.8028E+11,sh amrik singh,m,341-524-5582,Bhuj,41,44,17,70,43
423,1.8028E+11,pappe das,m,808-842-7148,Surat,23,48,58,19,15
424,1.8028E+11,shri ratan lal,m,745-881-0801,Gandhinagar,46,43,59,21,15
425,1.8028E+11,shri  aladeen,m,652-337-9095,Vadodara,47,35,53,37,37
426,1.8028E+11,shankar,m,789-143-4803,Ahmedabad,57,37,30,54,39
427,1.8028E+11,ashad madik,m,282-144-1158,Bhuj,61,31,18,57,60
428,1.8028E+11,santosh,m,710-665-6954,Ahmedabad,61,70,46,53,45
429,1.8028E+11,anil @ taini,m,910-740-2058,Vadodara,16,57,21,19,40
430,1.8028E+11,mohd. gulzar,m,590-558-9888,Ahmedabad,64,62,63,27,37
431,1.8028E+11,inkoo,m,532-292-7131,Surat,52,64,15,66,22
432,1.8028E+11,aajiv,m,260-038-1298,Bhuj,22,64,26,47,28
433,1.8028E+11,stephen topo,m,879-027-6767,Bhavnagar,28,51,55,66,25
434,1.8028E+11,asrf,m,971-108-4189,Amreli,46,64,23,30,54
435,1.8028E+11,sonu,m,165-103-9510,Rajkot,44,36,64,55,38
436,1.8028E+11,dama  rajanna,m,588-820-7147,Vadodara,64,35,31,38,24
437,1.8028E+11,shahnawaz,m,721-475-3211,Ahmedabad,50,28,48,63,44
438,1.8028E+11,mukesh kumar,m,967-441-0643,Bhavnagar,45,27,31,58,49
439,1.8028E+11,anil singh kushwah,m,825-163-7203,Bhavnagar,24,47,44,47,47
440,1.8028E+11,bada ahari,m,597-175-0521,Vadodara,34,25,61,63,32
441,1.8028E+11,vikram singh,m,415-630-5522,Surat,53,39,32,32,37
442,1.8028E+11,salim,m,193-616-6138,Vadodara,44,28,56,22,34
443,1.8028E+11,yogesh chandra joshi,m,945-713-8436,Gandhinagar,63,68,25,38,59
444,1.8028E+11,sudhir,m,410-132-2983,Gandhinagar,50,35,58,37,52
445,1.8028E+11,megharaj kirad,m,986-153-6957,Bhuj,27,38,20,62,32
446,1.8028E+11,kamlesh kumar urf sonu s/o harish,m,686-236-9013,Bhuj,50,21,49,40,68
447,1.8028E+11,anuj,m,962-864-3053,Gandhinagar,41,45,67,28,45
448,1.8028E+11,ravinder kumar,m,126-531-0603,Bhuj,48,58,57,47,64
449,1.8028E+11,ravi,m,720-553-3545,Surat,29,35,38,61,24
450,1.8028E+11,subodh,m,907-361-0742,Bhavnagar,25,46,33,36,45
451,1.8028E+11,dinesh kumar,m,457-484-0220,Bhavnagar,15,54,18,30,26
452,1.8028E+11,trilok chand,m,747-250-9612,Amreli,54,26,27,49,56
453,1.8028E+11,vikrant,m,759-520-0029,Ahmedabad,62,51,60,24,22
454,1.8028E+11,rantesh,m,897-434-3430,Bhuj,52,34,34,15,24
455,1.8028E+11,punit,m,142-636-4098,Ahmedabad,19,54,50,50,55
456,1.8028E+11,sudhir,m,778-344-7504,Rajkot,51,29,54,24,17
457,1.8028E+11,saad,m,591-613-2140,Vadodara,52,16,48,42,62
458,1.8028E+11,umashankar @ pappu,m,799-779-6868,Gandhinagar,64,48,66,49,46
459,1.8028E+11,arvind,m,499-297-6166,Amreli,57,59,22,60,35
460,1.8028E+11,sandeep,m,476-030-3447,Amreli,40,29,55,52,59
461,1.8028E+11,sandeep,m,744-112-5589,Bhavnagar,26,37,25,51,36
462,1.8028E+11,bhala ram,m,718-772-6698,Rajkot,48,28,21,56,29
463,1.8028E+11,kamal kishor,m,121-297-3537,Bhavnagar,18,57,36,68,50
464,1.8028E+11,shashi bhusan,m,283-125-8293,Ahmedabad,55,46,55,54,60
465,1.8028E+11,suresh kumar,m,649-259-2155,Amreli,17,47,48,45,30
466,1.8028E+11,ravindra singh,m,921-351-3778,Rajkot,34,32,51,48,37
467,1.8028E+11,naresh kumar,m,970-458-3363,Surat,50,63,22,38,51
468,1.8028E+11,arvind kiran,m,373-819-1819,Gandhinagar,34,28,57,49,59
469,1.8028E+11,harish,m,400-413-9513,Surat,40,21,38,70,55
470,1.8028E+11,rajender,m,973-016-5686,Amreli,40,47,31,23,37
471,1.8028E+11,arvind kumar @ sonu,m,920-671-2417,Bhuj,70,16,61,24,27
472,1.8028E+11,shivam arora,m,826-327-2124,Bhuj,62,65,36,22,54
473,1.8028E+11,mohd chand babu,m,615-801-6443,Gandhinagar,39,39,64,63,35
474,1.8028E+11,arun,m,283-619-8191,Amreli,48,50,18,42,17
475,1.8028E+11,ram dev yadav,m,779-617-9384,Bhavnagar,70,66,24,64,36
476,1.8028E+11,tanvir ahmad,m,652-042-3526,Bhavnagar,59,44,58,28,42
477,1.8028E+11,aarif,m,489-220-4103,Amreli,24,58,15,32,40
478,1.8028E+11,nishant@ chintu,m,801-144-2112,Surat,49,54,20,26,34
479,1.8028E+11,ram dulare,m,789-279-5991,Gandhinagar,44,35,44,43,50
480,1.8028E+11,jawahar singh,m,952-852-8663,Bhuj,39,47,29,15,18
481,1.8028E+11,shankar lal,m,932-437-1719,Surat,50,68,47,60,44
482,1.8028E+11,jaswant singh,m,409-340-2293,Amreli,46,51,67,20,28
483,1.8028E+11,pawan,m,241-670-2639,Surat,47,44,35,48,39
484,1.8028E+11,sukhram,m,217-550-7314,Ahmedabad,54,68,28,30,26
485,1.8028E+11,suresh kumar,m,481-329-2504,Amreli,64,30,50,70,43
486,1.8028E+11,harun rasheed,m,144-497-8781,Ahmedabad,70,52,43,40,70
487,1.8028E+11,manoj singh,m,359-474-4831,Gandhinagar,26,59,44,25,23
488,1.8028E+11,sandeep kapoor,m,891-344-4072,Amreli,21,65,50,29,33
489,1.8028E+11,prem ballabh,m,230-858-7719,Gandhinagar,51,36,26,33,23
490,1.8028E+11,vivek,m,420-444-8089,Bhavnagar,70,47,40,51,34
491,1.8028E+11,deepak,m,992-067-9206,Bhavnagar,23,36,57,23,42
492,1.8028E+11,raja rawat,m,892-284-2549,Rajkot,42,26,70,44,33
493,1.8028E+11,ashish kumar,m,157-660-7578,Gandhinagar,49,37,53,15,59
494,1.8028E+11,deepak,m,714-092-3955,Vadodara,65,20,26,37,53
495,1.8028E+11,waseem,m,652-876-6072,Rajkot,31,24,37,59,62
496,1.8028E+11,boby,m,101-132-3915,Rajkot,16,49,23,24,44
497,1.8028E+11,mithun kumar,m,527-305-4095,Rajkot,17,29,15,61,70
498,1.8028E+11,babli,f,477-314-8193,Bhavnagar,61,66,67,67,64
499,1.8028E+11,kajal,f,721-872-8228,Vadodara,70,63,67,61,66
500,1.8028E+11,gitika,f,497-878-0707,Amreli,67,68,61,66,63
501,1.8028E+11,maina devi,f,119-268-2319,Bhuj,60,67,60,62,64
502,1.8028E+11,smt. basanta devi,f,414-329-5842,Rajkot,67,68,69,61,63
503,1.8028E+11,seema,f,789-592-4898,Bhuj,67,63,67,62,61
504,1.8028E+11,"-	radha",f,398-811-1192,Surat,67,65,61,62,65
505,1.8028E+11,mamta,f,726-607-7382,Bhuj,66,61,61,67,65
506,1.8028E+11,savita,f,523-003-4685,Bhavnagar,67,68,62,61,65
507,1.8028E+11,reena,f,564-684-5418,Bhavnagar,64,60,70,67,61
508,1.8028E+11,harmeet kaur,f,559-249-4678,Gandhinagar,69,69,65,70,67
509,1.8028E+11,bhawna sejwani,f,574-632-4613,Vadodara,66,64,69,66,67
510,1.8028E+11,manisha,f,169-015-1276,Vadodara,63,65,67,67,60
511,1.8028E+11,akhtari @ muskan,f,915-011-3782,Rajkot,68,70,64,68,64
512,1.8028E+11,pharjana,f,636-600-3327,Bhavnagar,66,62,65,63,63
513,1.8028E+11,mamta,f,371-068-4241,Bhuj,62,62,68,66,62
514,1.8028E+11,nisha,f,650-815-7071,Bhavnagar,65,69,65,69,66
515,1.8028E+11,shivani,f,115-521-3841,Bhuj,60,65,61,65,69
516,1.8028E+11,shivani,f,164-609-2859,Surat,66,69,63,66,70
517,1.8028E+11,shivani,f,424-462-6483,Rajkot,68,70,70,67,66
518,1.8028E+11,reshma,f,980-513-0983,Surat,64,69,65,64,60
519,1.8028E+11,muskan,f,390-149-7969,Amreli,61,63,61,67,65
520,1.8028E+11,kiran,f,770-802-1920,Gandhinagar,68,66,66,70,67
521,1.8028E+11,prya @ choti,f,695-385-2531,Gandhinagar,70,70,70,68,60
522,1.8028E+11,minu,f,913-764-9970,Amreli,65,63,67,60,69
523,1.8028E+11,saloni,f,298-512-0948,Ahmedabad,66,67,70,63,68
524,1.8028E+11,mahrul nisha,f,257-300-8796,Rajkot,65,61,61,68,64
525,1.8028E+11,najmin,f,456-070-6324,Gandhinagar,64,60,67,63,65
526,1.8028E+11,simran,f,550-097-8192,Rajkot,60,70,68,63,60
527,1.8028E+11,kajal singh,f,452-676-2532,Surat,68,69,64,62,67
528,1.8028E+11,kumari divya urf kamal d/o babu lal bairwa,f,730-524-7179,Bhuj,60,60,70,68,64
529,1.8028E+11,kuntesh @ kunti,f,286-875-2214,Vadodara,63,65,61,61,68
530,1.8028E+11,barakha,f,499-743-4474,Gandhinagar,67,66,60,69,64
531,1.8028E+11,arti,f,893-148-4989,Rajkot,60,63,60,66,65
532,1.8028E+11,reenu,f,646-888-2705,Vadodara,63,67,63,66,66
533,1.8028E+11,smt. kavita,f,225-089-4179,Surat,61,69,67,70,61
534,1.8028E+11,puja,f,272-273-3110,Amreli,70,70,69,62,64
535,1.8028E+11,sikha,f,382-800-2778,Bhavnagar,62,66,67,67,67
536,1.8028E+11,sangeeta,f,341-156-7366,Bhuj,70,63,63,62,64
537,1.8028E+11,babli @ ritu,f,482-395-9729,Gandhinagar,65,64,62,63,69
538,1.8028E+11,preeti kumari,f,563-747-1029,Ahmedabad,64,65,66,68,67
539,1.8028E+11,sonia with her daughter sonikshi age- 3 month,f,895-127-8134,Rajkot,67,61,68,64,65
540,1.8028E+11,salu,f,675-243-1989,Gandhinagar,60,67,60,68,62
541,1.8028E+11,sneha,f,347-624-9007,Bhavnagar,63,66,64,62,69
542,1.8028E+11,heera lal @ sunil kanojia,f,805-715-4521,Ahmedabad,67,61,61,63,63
543,1.8028E+11,priti,f,473-473-8919,Surat,68,66,61,69,61
544,1.8028E+11,priyanka,f,500-278-9627,Bhuj,62,66,64,64,64
545,1.8028E+11,pinky,f,366-087-7536,Vadodara,62,69,66,60,68
546,1.8028E+11,manjeet kaur,f,599-296-0560,Surat,61,69,70,69,62
547,1.8028E+11,gangajali devi,f,909-149-0446,Vadodara,62,67,68,67,65
548,1.8028E+11,rekha,f,846-736-9732,Rajkot,66,67,61,60,70
549,1.8028E+11,sunita kanwar,f,425-469-2972,Rajkot,62,69,64,63,63
550,1.8028E+11,ranju sharma,f,453-207-3648,Amreli,70,61,60,68,63
551,1.8028E+11,leela devi,f,619-822-3328,Ahmedabad,65,69,62,68,66
552,1.8028E+11,asha,f,763-122-6316,Vadodara,66,60,66,68,69
553,1.8028E+11,shakshi@ megha,f,420-008-3134,Amreli,64,64,69,61,61
554,1.8028E+11,lata,f,489-632-9480,Gandhinagar,60,63,66,65,67
555,1.8028E+11,santi bai,f,221-012-5548,Vadodara,68,62,69,60,60
556,1.8028E+11,sikha,f,739-135-6372,Amreli,65,63,68,62,68
557,1.8028E+11,nisha,f,747-094-9614,Gandhinagar,68,62,67,67,67
558,1.8028E+11,dipa bai,f,576-400-0388,Amreli,62,63,63,61,66
559,1.8028E+11,anju,f,674-497-1301,Rajkot,60,60,62,68,64
560,1.8028E+11,shalu,f,692-584-5273,Gandhinagar,64,67,63,66,70
561,1.8028E+11,ganesi devi,f,334-053-8856,Gandhinagar,68,61,65,61,61
562,1.8028E+11,lakshmi devi,f,483-324-5396,Bhuj,70,69,67,60,70
563,1.8028E+11,priya,f,635-456-3191,Surat,64,68,63,67,62
564,1.8028E+11,sonia,f,358-505-9405,Surat,69,67,70,67,64
565,1.8028E+11,raj kumari,f,347-556-3045,Bhuj,67,63,65,70,66
566,1.8028E+11,jakra khatoon,f,902-618-6371,Amreli,69,66,60,62,67
567,1.8028E+11,roshan,f,168-156-9956,Bhuj,62,69,63,61,63
568,1.8028E+11,mrs. nidhi,f,622-211-7172,Gandhinagar,69,62,68,65,68
569,1.8028E+11,saahin,f,721-607-9884,Ahmedabad,66,67,60,67,62
570,1.8028E+11,laxmi @ gudiya,f,625-402-5716,Amreli,64,69,63,64,62
571,1.8028E+11,shital,f,576-829-8746,Vadodara,66,63,62,64,65
572,1.8028E+11,nitam,f,450-814-9981,Rajkot,66,67,61,62,70
573,1.8028E+11,tulsi,f,498-094-8711,Gandhinagar,67,67,67,62,69
574,1.8028E+11,kajal,f,562-439-2097,Ahmedabad,60,69,61,61,67
575,1.8028E+11,deepali,f,760-736-3403,Gandhinagar,61,68,68,67,64
576,1.8028E+11,monika munda,f,203-398-5908,Ahmedabad,63,62,67,60,67
577,1.8028E+11,nisha,f,336-299-9505,Bhuj,70,65,70,68,67
578,1.8028E+11,seema das,f,593-853-3128,Ahmedabad,70,60,68,61,63
579,1.8028E+11,soni,f,838-550-9735,Surat,67,67,68,70,64
580,1.8028E+11,rashmi @ ishika,f,656-769-4954,Surat,61,69,68,63,62
581,1.8028E+11,sonam,f,502-588-9815,Rajkot,64,65,69,64,64
582,1.8028E+11,rashmi @ ishika,f,314-811-9194,Ahmedabad,63,61,65,65,66
583,1.8028E+11,vimlesh,f,180-709-4053,Rajkot,70,67,60,64,70
584,1.8028E+11,dimple,f,632-216-8492,Rajkot,64,68,65,65,66
585,1.8028E+11,radhika,f,699-690-4975,Bhavnagar,69,62,64,61,61
586,1.8028E+11,arati,f,693-091-6347,Surat,66,64,64,66,66
587,1.8028E+11,rajni,f,276-628-6875,Bhavnagar,60,63,69,67,61
588,1.8028E+11,guljan,f,941-706-2688,Vadodara,68,64,62,68,70
589,1.8028E+11,dariya kanwar,f,470-772-0324,Rajkot,65,64,61,63,64
590,1.8028E+11,seema saini,f,636-080-4566,Surat,68,65,61,64,66
591,1.8028E+11,laxmi,f,353-546-8192,Vadodara,63,67,63,68,65
592,1.8028E+11,dropti raiger,f,116-105-3732,Surat,62,62,67,62,70
593,1.8028E+11,sumanlta,f,556-022-8809,Amreli,60,61,65,62,60
594,1.8028E+11,aarti,f,705-650-0567,Vadodara,64,63,66,61,66
595,1.8028E+11,ku. fatma,f,250-129-2584,Amreli,60,70,66,62,68
596,1.8028E+11,varsha,f,516-596-7667,Gandhinagar,62,66,63,62,67
597,1.8028E+11,nirmla,f,934-560-9816,Ahmedabad,62,61,67,68,70
598,1.8028E+11,nilam sharma,f,542-245-1527,Vadodara,70,48,69,60,44
599,1.8028E+11,diksha @ billa,f,943-145-0684,Gandhinagar,18,51,40,47,24
600,1.8028E+11,priyanka,f,698-723-1226,Bhavnagar,53,20,27,39,49
601,1.8028E+11,leena rai,f,166-236-3316,Vadodara,22,41,59,47,43
602,1.8028E+11,ku. seema,f,592-623-6693,Bhavnagar,59,25,38,46,32
603,1.8028E+11,smt sarita davi,f,404-411-9602,Vadodara,62,45,28,70,27
604,1.8028E+11,jyoti,f,133-006-9488,Gandhinagar,18,16,42,51,67
605,1.8028E+11,manjeet,f,811-813-6515,Bhuj,66,20,47,33,33
606,1.8028E+11,ekamjeet,f,833-774-3655,Amreli,52,42,48,21,32
607,1.8028E+11,nisha,f,646-360-8973,Gandhinagar,15,67,52,38,38
608,1.8028E+11,chhotudevi,f,252-884-2262,Gandhinagar,53,40,29,42,62
609,1.8028E+11,mansi,f,499-460-9783,Vadodara,41,28,27,45,19
610,1.8028E+11,pooja,f,955-798-3560,Bhavnagar,65,24,33,17,45
611,1.8028E+11,archana,f,688-605-0847,Bhavnagar,29,48,61,26,36
612,1.8028E+11,premlata,f,582-097-4512,Vadodara,43,64,53,55,55
613,1.8028E+11,shobha,f,738-310-5183,Amreli,55,18,36,59,50
614,1.8028E+11,neelam,f,775-764-7891,Surat,33,34,21,40,50
615,1.8028E+11,saiesta,f,890-525-5303,Bhuj,23,57,59,58,25
616,1.8028E+11,sangeeta,f,339-073-3170,Ahmedabad,49,50,21,70,16
617,1.8028E+11,sonyi,f,627-437-4976,Surat,55,28,55,32,34
618,1.8028E+11,vimla,f,117-746-7470,Gandhinagar,51,42,33,64,56
619,1.8028E+11,smt kusum davi,f,668-284-5156,Vadodara,37,25,30,40,49
620,1.8028E+11,leena,f,474-490-6382,Bhavnagar,24,18,16,52,32
621,1.8028E+11,rekha,f,590-128-2468,Bhavnagar,31,24,38,66,16
622,1.8028E+11,kokila meena,f,970-294-8454,Vadodara,28,43,25,49,66
623,1.8028E+11,rekha varhat`,f,769-854-9436,Rajkot,69,66,58,60,19
624,1.8028E+11,shobha,f,878-006-0646,Bhuj,28,66,32,45,67
625,1.8028E+11,suman,f,569-679-9382,Bhuj,40,42,64,56,70
626,1.8028E+11,moni,f,565-573-1818,Gandhinagar,56,65,68,62,19
627,1.8028E+11,smt. manju,f,422-050-3886,Amreli,56,21,70,16,68
628,1.8028E+11,tanu,f,677-104-9375,Bhuj,17,45,18,51,19
629,1.8028E+11,sagira begam,f,820-109-8666,Amreli,41,28,42,32,28
630,1.8028E+11,dhana devi,f,474-200-3926,Bhuj,43,22,16,67,49
631,1.8028E+11,shama,f,975-660-3174,Ahmedabad,22,44,70,62,67
632,1.8028E+11,silpi kumari,f,927-697-7814,Ahmedabad,65,52,46,54,55
633,1.8028E+11,seeta,f,149-091-8907,Bhavnagar,35,52,70,40,29
634,1.8028E+11,anchal,f,328-237-0544,Bhuj,22,27,59,19,24
635,1.8028E+11,priyanka,f,690-134-6459,Gandhinagar,18,56,30,63,30
636,1.8028E+11,komal,f,208-844-1875,Bhuj,70,55,57,53,22
637,1.8028E+11,jyoti,f,422-580-2592,Amreli,57,63,62,57,17
638,1.8028E+11,janid minjh,f,903-264-3162,Amreli,16,64,70,18,19
639,1.8028E+11,komal,f,302-638-6317,Vadodara,38,33,22,17,57
640,1.8028E+11,rinki,f,429-432-2793,Rajkot,18,15,15,57,27
641,1.8028E+11,pooja,f,781-354-3736,Rajkot,63,41,58,68,41
642,1.8028E+11,neha,f,559-201-2405,Bhuj,21,38,32,44,52
643,1.8028E+11,sapna,f,419-436-4385,Rajkot,19,38,54,15,15
644,1.8028E+11,meena,f,586-851-7608,Vadodara,22,24,45,68,61
645,1.8028E+11,amisha,f,233-124-1053,Surat,55,54,67,18,65
646,1.8028E+11,kumari arti,f,384-885-0352,Vadodara,47,31,29,36,69
647,1.8028E+11,najrana,f,500-394-8245,Bhavnagar,33,59,20,35,51
648,1.8028E+11,poonam,f,795-302-2408,Vadodara,17,60,25,31,18
649,1.8028E+11,renu,f,389-681-0039,Bhuj,49,52,21,47,50
650,1.8028E+11,sarita,f,145-067-7573,Vadodara,44,31,45,34,38
651,1.8028E+11,neraj @ pooja,f,593-486-8651,Vadodara,42,40,27,51,39
652,1.8028E+11,kiran ravtela,f,473-633-8527,Gandhinagar,60,64,70,54,42
653,1.8028E+11,sonia,f,639-457-2998,Bhuj,69,64,63,43,61
654,1.8028E+11,shabbo devi,f,721-859-3260,Rajkot,22,30,30,56,70
655,1.8028E+11,groti @ rati,f,850-497-3327,Ahmedabad,19,43,29,18,60
656,1.8028E+11,komal,f,974-869-8831,Vadodara,20,43,66,30,63
657,1.8028E+11,hemlata,f,868-447-7603,Bhuj,17,23,68,29,53
658,1.8028E+11,shikha kumari,f,636-450-8818,Ahmedabad,18,68,18,53,56
659,1.8028E+11,noorin,f,788-671-8581,Gandhinagar,31,16,69,26,22
660,1.8028E+11,bina,f,910-066-4035,Gandhinagar,63,22,58,53,33
661,1.8028E+11,manisha,f,778-479-1965,Surat,46,25,41,20,51
662,1.8028E+11,pooja,f,855-720-4458,Bhavnagar,31,37,30,37,70
663,1.8028E+11,neha,f,244-117-3738,Amreli,31,59,61,43,62
664,1.8028E+11,kanchan,f,433-733-5868,Amreli,32,20,61,47,60
665,1.8028E+11,pree,f,776-117-9642,Bhavnagar,26,43,23,41,35
666,1.8028E+11,sanju kumari,f,538-095-8174,Bhavnagar,20,15,47,66,37
667,1.8028E+11,neetu,f,823-001-7515,Bhuj,39,55,57,22,16
668,1.8028E+11,samreen,f,162-495-0742,Gandhinagar,45,30,60,21,55
669,1.8028E+11,khurshida bano,f,873-418-3320,Surat,65,62,49,21,57
670,1.8028E+11,kiran,f,593-443-0068,Ahmedabad,67,21,21,60,30
671,1.8028E+11,usha sharma,f,223-462-4276,Vadodara,20,54,23,69,32
672,1.8028E+11,meenu,f,334-842-5560,Vadodara,25,24,46,15,20
673,1.8028E+11,renu,f,399-705-0008,Bhavnagar,28,25,54,19,21
674,1.8028E+11,radha,f,782-058-2724,Surat,18,67,62,46,55
675,1.8028E+11,pratima pandey,f,578-710-8101,Rajkot,31,68,62,32,56
676,1.8028E+11,pinky,f,406-145-6928,Ahmedabad,15,16,45,64,20
677,1.8028E+11,minakshi,f,835-482-4391,Surat,41,48,35,24,33
678,1.8028E+11,ramba @ kamla,f,725-755-2804,Gandhinagar,24,24,64,20,65
679,1.8028E+11,minakshi sainai,f,967-132-9600,Ahmedabad,68,67,43,22,31
680,1.8028E+11,pinky,f,495-680-8640,Amreli,54,36,17,19,44
681,1.8028E+11,krishna,f,582-379-7581,Ahmedabad,53,42,36,16,37
682,1.8028E+11,sabina bano,f,236-142-9870,Bhavnagar,18,65,24,18,53
683,1.8028E+11,sangeeta,f,980-651-0599,Bhavnagar,34,65,70,61,55
684,1.8028E+11,pinki,f,817-379-7690,Gandhinagar,23,34,49,68,49
685,1.8028E+11,bharti kumari,f,836-762-8005,Ahmedabad,22,56,43,56,33
686,1.8028E+11,fatima,f,976-877-9252,Gandhinagar,33,57,68,20,30
687,1.8028E+11,dipeeka,f,807-159-3487,Vadodara,62,58,20,59,54
688,1.8028E+11,simran,f,520-581-2857,Bhuj,60,54,31,48,42
689,1.8028E+11,maya dhaval,f,110-790-2064,Surat,15,66,63,47,37
690,1.8028E+11,soniya,f,805-877-9408,Surat,33,25,17,23,51
691,1.8028E+11,moka,f,968-052-3139,Amreli,38,48,34,34,39
692,1.8028E+11,sashi devi w/o- dinesh lal,f,712-638-9365,Gandhinagar,51,30,64,51,18
693,1.8028E+11,jyoti,f,713-326-5072,Vadodara,47,21,32,15,52
694,1.8028E+11,anguri bai,f,508-788-5147,Rajkot,33,68,28,28,24
695,1.8028E+11,rashma jacob,f,813-206-8420,Gandhinagar,52,64,61,37,46
696,1.8028E+11,kalashi devi bairwa,f,567-438-8172,Rajkot,28,52,57,42,67
697,1.8028E+11,shahna,f,494-880-4324,Surat,31,57,63,54,49
698,1.8028E+11,nikita,f,645-356-8442,Surat,28,69,41,63,35
699,1.8028E+11,dipika chaturvedi,f,398-834-4286,Amreli,24,38,49,50,40
700,1.8028E+11,aarti,f,218-376-6195,Bhavnagar,50,25,49,22,17
701,1.8028E+11,partima,f,136-779-9692,Bhavnagar,62,68,19,44,29
702,1.8028E+11,aarti,f,944-135-1463,Ahmedabad,15,50,43,24,39
703,1.8028E+11,aafrin,f,831-761-7366,Gandhinagar,69,56,20,57,35
704,1.8028E+11,diksha gupta,f,606-813-3048,Amreli,56,21,17,51,41
705,1.8028E+11,pooja,f,592-748-1578,Surat,65,60,41,29,64
706,1.8028E+11,gurmeet,f,766-190-0590,Bhuj,21,67,40,17,60
707,1.8028E+11,rukhsana,f,770-519-9451,Surat,57,23,19,30,54
708,1.8028E+11,bhawana kapoor,f,915-230-8850,Gandhinagar,46,61,63,38,15
709,1.8028E+11,bhagwati @ bhagoti devi,f,404-828-0754,Amreli,59,62,65,33,47
710,1.8028E+11,madhu,f,715-746-3062,Surat,31,37,64,36,58
711,1.8028E+11,sonam,f,661-720-7335,Bhavnagar,59,49,40,36,32
712,1.8028E+11,priyaka,f,464-278-4131,Ahmedabad,66,49,63,61,18
713,1.8028E+11,sunita,f,889-071-0586,Amreli,69,68,23,52,29
714,1.8028E+11,reena,f,518-547-7608,Bhavnagar,60,32,55,35,25
715,1.8028E+11,muskan,f,790-208-4078,Amreli,69,20,18,38,25
716,1.8028E+11,rinku,f,536-631-2808,Vadodara,45,48,53,31,18
717,1.8028E+11,aarti,f,874-542-3170,Ahmedabad,23,53,56,24,21
718,1.8028E+11,smt. rekha,f,541-729-4225,Bhuj,26,47,42,16,52
719,1.8028E+11,sunita,f,532-351-2733,Gandhinagar,52,64,27,17,25
720,1.8028E+11,seema,f,378-001-6942,Bhuj,48,52,45,27,27
721,1.8028E+11,rekha,f,420-817-8761,Vadodara,42,17,58,70,70
722,1.8028E+11,kumari mheraj,f,110-606-3375,Gandhinagar,15,65,55,51,58
723,1.8028E+11,smt bhagwani devi,f,536-204-5301,Vadodara,66,62,60,42,36
724,1.8028E+11,poonam kumari,f,689-069-6362,Bhavnagar,41,42,59,58,25
725,1.8028E+11,pooja,f,939-353-9628,Ahmedabad,27,39,32,29,34
726,1.8028E+11,farjana,f,292-055-3796,Vadodara,15,53,23,37,67
727,1.8028E+11,naina,f,879-164-7842,Bhuj,32,69,39,18,46
728,1.8028E+11,gudiya,f,557-364-8863,Gandhinagar,56,35,62,51,25
729,1.8028E+11,sonam,f,111-493-4006,Vadodara,28,30,29,57,41
730,1.8028E+11,ravina,f,196-508-1801,Rajkot,70,62,44,47,22
731,1.8028E+11,rachpreet kaur,f,480-852-3702,Gandhinagar,61,32,16,44,70
732,1.8028E+11,jyoti tiwari,f,127-598-0964,Bhuj,62,51,30,16,31
733,1.8028E+11,sonam,f,685-032-6690,Bhavnagar,53,65,47,64,48
734,1.8028E+11,sonam,f,262-338-9455,Bhuj,27,31,27,69,18
735,1.8028E+11,sarita,f,912-464-9495,Amreli,63,29,59,18,29
736,1.8028E+11,smt mamta harijan,f,551-091-8771,Rajkot,44,70,39,64,25
737,1.8028E+11,harsha,f,299-181-9716,Vadodara,63,67,70,32,31
738,1.8028E+11,priya,f,889-152-9992,Amreli,67,42,67,66,63
739,1.8028E+11,vimla,f,214-387-2242,Surat,43,28,18,67,57
740,1.8028E+11,joohi,f,215-568-4114,Vadodara,44,40,23,23,64
741,1.8028E+11,minakshi purohit,f,429-033-7169,Surat,34,25,54,58,17
742,1.8028E+11,jyoti,f,750-178-6479,Rajkot,46,48,37,64,54
743,1.8028E+11,shanty devi,f,597-399-4419,Rajkot,38,64,68,22,55
744,1.8028E+11,shanty mandal,f,328-547-7467,Vadodara,38,41,58,22,20
745,1.8028E+11,geeta,f,477-280-0552,Ahmedabad,24,63,40,24,15
746,1.8028E+11,beauty,f,575-249-3105,Vadodara,53,64,38,43,30
747,1.8028E+11,soniya,f,418-441-5766,Vadodara,52,65,68,68,21
748,1.8028E+11,kumari usha,f,928-311-0127,Bhuj,37,38,49,49,65
749,1.8028E+11,sumaila,f,824-512-5813,Surat,20,69,21,20,40
750,1.8028E+11,pryanka,f,437-623-2815,Surat,34,61,65,30,19
751,1.8028E+11,kumari nagma,f,389-171-5133,Bhavnagar,55,68,55,53,21
752,1.8028E+11,manpritkour,f,366-045-7685,Vadodara,21,55,44,67,58
753,1.8028E+11,ambika,f,706-539-5918,Rajkot,67,54,59,22,27
754,1.8028E+11,renu,f,949-883-0526,Ahmedabad,35,55,65,49,33
755,1.8028E+11,lilima @ manshi,f,180-030-2250,Rajkot,29,56,28,59,33
756,1.8028E+11,aarti,f,761-508-0492,Amreli,61,54,41,22,19
757,1.8028E+11,madhuri,f,365-888-6362,Rajkot,41,15,51,66,65
758,1.8028E+11,fiza parveen,f,269-568-9468,Vadodara,26,67,45,36,67
759,1.8028E+11,reeta @ rachna,f,240-007-7312,Bhuj,39,35,22,29,52
760,1.8028E+11,nitu @ chander pati,f,530-151-8705,Ahmedabad,16,30,38,36,42
761,1.8028E+11,pinky,f,967-401-9917,Ahmedabad,22,47,17,68,32
762,1.8028E+11,ritika rani dass,f,689-461-4065,Rajkot,68,19,31,60,60
763,1.8028E+11,pooja,f,928-049-3287,Rajkot,22,57,63,46,21
764,1.8028E+11,parkash kaur,f,442-860-5979,Rajkot,63,43,40,26,47
765,1.8028E+11,neha,f,309-799-4620,Bhuj,50,51,28,29,68
766,1.8028E+11,ruksana,f,935-498-4721,Amreli,16,37,32,33,47
767,1.8028E+11,farah,f,308-549-7749,Amreli,45,50,31,25,15
768,1.8028E+11,shabreen fatima,f,638-368-0931,Rajkot,29,66,40,68,22
769,1.8028E+11,sahiba @ ruby,f,869-249-5341,Rajkot,27,47,48,21,56
770,1.8028E+11,renu,f,519-702-0875,Bhuj,57,53,57,53,51
771,1.8028E+11,parvati,f,371-798-5802,Amreli,43,53,65,54,65
772,1.8028E+11,anjali,f,541-184-1062,Gandhinagar,47,54,57,16,26
773,1.8028E+11,naina kaushik,f,630-616-9445,Bhuj,16,38,54,37,68
774,1.8028E+11,bimlesh,f,506-550-3780,Surat,33,25,39,20,29
775,1.8028E+11,bharati@ruchika,f,409-704-5037,Bhavnagar,37,28,30,25,44
776,1.8028E+11,anita kumari,f,454-090-1962,Bhavnagar,68,39,38,16,39
777,1.8028E+11,mohseena biwi,f,935-613-3931,Bhuj,61,51,20,21,65
778,1.8028E+11,mala,f,800-087-6042,Gandhinagar,60,51,50,20,64
779,1.8028E+11,sony,f,496-374-7927,Ahmedabad,32,22,39,42,29
780,1.8028E+11,pinki,f,117-068-3165,Gandhinagar,56,70,56,67,50
781,1.8028E+11,geeta,f,998-519-0044,Rajkot,36,41,52,40,33
782,1.8028E+11,kumari jyoti,f,555-845-8546,Rajkot,26,39,65,61,70
783,1.8028E+11,rekha saini,f,916-518-0058,Bhavnagar,61,32,29,59,57
784,1.8028E+11,moni,f,901-192-2777,Bhavnagar,25,39,25,48,43
785,1.8028E+11,shehnaz,f,604-840-2290,Bhuj,22,47,20,57,44
786,1.8028E+11,rajni arya,f,322-652-7756,Surat,67,33,26,26,18
787,1.8028E+11,meera,f,691-681-6700,Ahmedabad,56,19,39,54,59
788,1.8028E+11,smt. reena,f,594-592-7472,Bhavnagar,69,31,37,53,47
789,1.8028E+11,kumari himanshi,f,765-242-4829,Vadodara,16,59,57,32,24
790,1.8028E+11,shrimati maya devi,f,393-173-0570,Rajkot,68,28,22,20,69
791,1.8028E+11,shivani,f,481-669-5219,Bhavnagar,50,20,67,34,53
792,1.8028E+11,shashi,f,687-875-7885,Vadodara,59,24,26,51,30
793,1.8028E+11,yogita,f,419-028-8564,Gandhinagar,69,17,42,41,19
794,1.8028E+11,roshni kumari,f,758-295-2287,Ahmedabad,23,47,62,20,42
795,1.8028E+11,bharti,f,960-150-1104,Bhavnagar,70,44,20,68,57
796,1.8028E+11,sushila,f,940-789-9697,Surat,40,36,51,39,35
797,1.8028E+11,pooja,f,679-205-1088,Gandhinagar,44,21,45,49,47
798,1.8028E+11,jyotsana @ jyoti,f,271-828-0523,Amreli,22,15,62,35,53
799,1.8028E+11,kiran kaur,f,992-070-6837,Surat,43,51,66,64,55
800,1.8028E+11,suman,f,399-395-1107,Gandhinagar,62,50,23,48,23
801,1.8028E+11,gopi devi,f,727-551-6455,Amreli,61,69,38,33,45
802,1.8028E+11,megha alongwith daughter 6 month,f,746-056-8734,Bhavnagar,60,58,22,42,56
803,1.8028E+11,varsha,f,121-523-9612,Amreli,26,50,16,60,57
804,1.8028E+11,neeraj,f,359-662-9102,Surat,44,69,39,53,43
805,1.8028E+11,paramdeep kaur,f,711-835-7890,Bhuj,17,19,33,30,15
806,1.8028E+11,meenakshi,f,379-377-3542,Gandhinagar,60,43,33,45,59
807,1.8028E+11,rakhi sharma,f,705-346-5136,Bhuj,44,65,23,47,61
808,1.8028E+11,amarjit kaur with a child keshav,f,587-327-1190,Bhavnagar,39,27,56,39,69
809,1.8028E+11,ranu,f,861-550-1215,Amreli,20,27,66,20,22
810,1.8028E+11,puja,f,413-273-9720,Bhavnagar,24,25,56,53,58
811,1.8028E+11,monika,f,296-360-4098,Ahmedabad,22,16,41,41,33
812,1.8028E+11,rupa,f,883-273-6875,Ahmedabad,63,67,28,25,63
813,1.8028E+11,poonam,f,169-176-7591,Rajkot,24,58,42,37,66
814,1.8028E+11,gora,f,790-371-6326,Amreli,20,32,58,53,62
815,1.8028E+11,su-shree  pishta,f,806-322-7727,Bhuj,20,22,16,35,45
816,1.8028E+11,nusrant,f,268-365-2941,Amreli,45,49,56,65,60
817,1.8028E+11,sweta,f,262-727-8443,Gandhinagar,69,36,36,45,28
818,1.8028E+11,girja,f,547-228-2434,Amreli,38,22,63,24,20
819,1.8028E+11,juber,f,326-231-8902,Ahmedabad,61,35,42,30,49
820,1.8028E+11,pooja devi,f,463-589-8709,Surat,34,24,44,56,62
821,1.8028E+11,muskan,f,333-223-7678,Amreli,50,34,55,50,53
822,1.8028E+11,nisha,f,802-506-4799,Vadodara,34,41,70,62,25
823,1.8028E+11,bharti,f,720-160-4507,Bhavnagar,67,64,62,31,20
824,1.8028E+11,diksha rana,f,422-499-8277,Vadodara,60,28,65,28,22
825,1.8028E+11,reena,f,561-593-4094,Bhuj,47,28,65,23,69
826,1.8028E+11,soni devi,f,437-825-8075,Surat,47,23,63,31,47
827,1.8028E+11,nagma khatun,f,326-039-9423,Bhavnagar,60,28,15,29,64
828,1.8028E+11,neetu goyal,f,300-058-1426,Bhuj,25,49,44,60,47
829,1.8028E+11,mukesh devi,f,598-279-7981,Vadodara,42,37,20,42,56
830,1.8028E+11,prem lata,f,375-636-1210,Rajkot,29,37,51,45,49
831,1.8028E+11,ram devi sharma,f,451-225-3027,Vadodara,16,33,61,53,39
832,1.8028E+11,maya,f,153-677-6108,Gandhinagar,27,34,20,47,55
833,1.8028E+11,yasodha,f,541-574-8501,Gandhinagar,17,15,25,46,32
834,1.8028E+11,anoura khatun,f,997-451-3775,Vadodara,46,25,53,53,42
835,1.8028E+11,arti,f,693-537-5906,Gandhinagar,59,43,37,55,70
836,1.8028E+11,rachna sharma,f,340-638-1892,Bhuj,56,52,60,24,31
837,1.8028E+11,bakhtvaar jahan,f,628-402-9947,Ahmedabad,25,52,35,68,51
838,1.8028E+11,neelam,f,800-339-8256,Bhuj,59,36,58,52,42
839,1.8028E+11,ku rikha,f,488-571-2054,Rajkot,28,57,29,51,57
840,1.8028E+11,sanju,f,752-708-4528,Surat,22,32,24,69,51
841,1.8028E+11,smt. pushpa,f,667-319-7787,Rajkot,58,43,48,26,23
842,1.8028E+11,roshani bhatiya,f,831-172-5355,Surat,48,15,39,48,53
843,1.8028E+11,varsha,f,878-408-6367,Bhuj,15,32,15,27,54
844,1.8028E+11,smt. divya @ chhoti,f,626-772-7318,Gandhinagar,21,53,43,49,40
845,1.8028E+11,priyanka jat,f,436-417-6738,Gandhinagar,31,57,48,22,32
846,1.8028E+11,rosina,f,325-438-5974,Bhuj,57,27,44,28,30
847,1.8028E+11,shankuntla,f,420-317-5638,Bhuj,34,67,69,19,17
848,1.8028E+11,veena ben damor,f,485-540-6801,Vadodara,29,63,20,20,29
849,1.8028E+11,shilpa,f,995-461-0218,Gandhinagar,68,60,15,35,50
850,1.8028E+11,sushhmita dass and his son ayush dass,f,796-518-8280,Amreli,33,51,57,23,41
851,1.8028E+11,poonam,f,196-315-1377,Amreli,54,49,64,62,60
852,1.8028E+11,bahwana,f,902-557-9293,Vadodara,58,49,29,64,15
853,1.8028E+11,rajlaxmi,f,479-861-2187,Ahmedabad,56,69,58,21,46
854,1.8028E+11,tara munda,f,867-349-7927,Rajkot,23,34,53,22,30
855,1.8028E+11,sonu pandy,f,100-597-1807,Surat,56,31,28,16,53
856,1.8028E+11,poonam,f,582-361-0648,Gandhinagar,23,15,69,25,21
857,1.8028E+11,renu,f,917-614-8695,Gandhinagar,39,35,58,64,33
858,1.8028E+11,mahima bagga,f,651-327-8747,Vadodara,23,50,70,67,54
859,1.8028E+11,anjali,f,670-168-7528,Vadodara,47,50,16,51,17
860,1.8028E+11,mamta,f,889-860-0235,Bhuj,19,46,58,67,61
861,1.8028E+11,dvndavva s basava prabhu,f,181-722-2035,Vadodara,55,62,41,37,44
862,1.8028E+11,heera kumari,f,322-378-4072,Surat,18,67,65,50,22
863,1.8028E+11,manisha,f,793-029-0015,Ahmedabad,18,29,68,42,65
864,1.8028E+11,nagina,f,882-533-1280,Amreli,23,69,36,58,31
865,1.8028E+11,saroj,f,388-719-4471,Rajkot,62,59,54,44,69
866,1.8028E+11,tabbsum,f,531-782-5480,Bhuj,46,65,60,62,49
867,1.8028E+11,ritu,f,183-519-6723,Bhuj,24,45,47,53,24
868,1.8028E+11,jaismeen,f,212-230-9511,Bhavnagar,33,66,41,66,63
869,1.8028E+11,shushree lalu,f,173-507-4843,Vadodara,60,18,54,64,15
870,1.8028E+11,kimmi@neelam,f,153-791-6955,Ahmedabad,59,20,37,22,40
871,1.8028E+11,suman,f,728-882-8175,Vadodara,70,15,54,25,52
872,1.8028E+11,sapna,f,225-246-5076,Ahmedabad,48,40,51,61,41
873,1.8028E+11,saroj,f,283-683-1352,Bhuj,41,50,51,15,32
874,1.8028E+11,"rekha with two doughters pooja, lakhsmi",f,582-333-1703,Surat,17,64,34,43,55
875,1.8028E+11,jaimata,f,815-370-2659,Bhavnagar,21,32,70,32,44
876,1.8028E+11,smt. rajkanwar,f,315-225-1910,Bhavnagar,32,40,41,65,25
877,1.8028E+11,rambha,f,770-575-6699,Bhavnagar,48,54,50,31,26
878,1.8028E+11,sonu,f,291-112-4431,Ahmedabad,68,43,65,38,39
879,1.8028E+11,priyanka,f,720-859-3748,Vadodara,56,18,19,56,68
880,1.8028E+11,kajal,f,101-388-6510,Rajkot,65,55,46,31,20
881,1.8028E+11,ravina,f,807-623-4611,Surat,35,20,24,27,32
882,1.8028E+11,meera,f,993-493-3106,Ahmedabad,28,70,37,15,61
883,1.8028E+11,heena,f,320-293-7249,Rajkot,54,26,57,67,53
884,1.8028E+11,anita,f,393-644-6247,Bhavnagar,65,61,60,19,67
885,1.8028E+11,reema,f,928-872-5624,Vadodara,30,29,59,44,41
886,1.8028E+11,sonia verma,f,391-079-4479,Vadodara,28,38,66,50,28
887,1.8028E+11,meena,f,578-656-4829,Surat,22,35,19,56,44
888,1.8028E+11,rekha,f,767-737-0527,Ahmedabad,54,53,25,23,68
889,1.8028E+11,nisha@neelam,f,358-841-4179,Bhuj,56,35,66,37,48
890,1.8028E+11,madhwi,f,767-340-4252,Ahmedabad,32,45,34,16,52
891,1.8028E+11,saneha,f,353-455-6252,Ahmedabad,44,35,51,34,53
892,1.8028E+11,pooja,f,960-182-0455,Gandhinagar,29,63,28,22,20
893,1.8028E+11,afrin,f,742-541-2935,Ahmedabad,18,23,53,59,60
894,1.8028E+11,sona,f,898-745-3955,Surat,55,37,44,55,66
895,1.8028E+11,meenakshi,f,311-188-7199,Bhavnagar,57,37,34,45,41
896,1.8028E+11,shashi,f,245-216-2978,Ahmedabad,44,46,60,43,39
897,1.8028E+11,mohini,f,986-358-2979,Vadodara,50,28,55,34,45
898,1.8028E+11,meethu,f,809-595-7287,Bhavnagar,19,54,56,67,16
899,1.8028E+11,sheela devi,f,216-339-7143,Vadodara,46,41,26,67,39
900,1.8028E+11,smt sushma,f,541-470-6567,Bhavnagar,20,36,18,34,56
901,1.8028E+11,nikita,f,283-435-1103,Ahmedabad,32,35,38,38,47
902,1.8028E+11,nikita,f,678-072-6329,Bhavnagar,54,26,18,35,52
903,1.8028E+11,priya kaur,f,930-308-3701,Bhuj,69,59,31,21,66
904,1.8028E+11,isha devi,f,699-099-0692,Bhavnagar,43,50,19,43,57
905,1.8028E+11,anita,f,497-450-7807,Bhuj,67,30,60,35,16
906,1.8028E+11,ku ponam,f,635-009-0031,Gandhinagar,27,58,22,46,48
907,1.8028E+11,chuni devi,f,742-490-1035,Vadodara,68,19,61,21,34
908,1.8028E+11,smt dhaneshwari devi,f,758-345-8094,Bhavnagar,34,60,69,55,17
909,1.8028E+11,geeta,f,111-085-7571,Surat,39,27,36,68,47
910,1.8028E+11,smt. keshar devi,f,603-879-3187,Vadodara,43,61,61,21,19
911,1.8028E+11,divya,f,697-445-8787,Gandhinagar,63,50,31,37,51
912,1.8028E+11,anju,f,848-115-0091,Ahmedabad,40,27,54,63,17
913,1.8028E+11,dhapu bai,f,589-331-9386,Gandhinagar,68,70,29,17,37
914,1.8028E+11,pooja,f,973-693-5111,Gandhinagar,49,44,23,66,53
915,1.8028E+11,jyoti bai,f,963-352-4218,Gandhinagar,28,32,41,15,42
916,1.8028E+11,mamta,f,617-833-2894,Rajkot,27,22,21,52,64
917,1.8028E+11,sarita sharma,f,747-774-4500,Ahmedabad,64,32,28,48,29
918,1.8028E+11,suman,f,145-248-8580,Bhuj,42,20,46,29,44
919,1.8028E+11,gouri mailwad,f,242-040-5970,Rajkot,67,61,27,45,38
920,1.8028E+11,tamanna banu,f,740-005-9321,Ahmedabad,25,47,70,45,62
921,1.8028E+11,rekha devi,f,314-577-0085,Bhuj,54,32,56,39,56
922,1.8028E+11,santosh,f,586-075-7631,Gandhinagar,15,69,25,67,47
923,1.8028E+11,rikkenchi,f,299-678-9813,Vadodara,57,45,24,24,61
924,1.8028E+11,savita,f,357-415-5903,Bhuj,26,62,52,48,55
925,1.8028E+11,pooja taneja,f,980-240-1966,Ahmedabad,29,15,39,21,67
926,1.8028E+11,aamrin jahan,f,223-807-5919,Vadodara,54,21,17,20,47
927,1.8028E+11,aarti devi,f,974-173-9886,Surat,58,58,49,24,39
928,1.8028E+11,shazida,f,158-428-0826,Amreli,40,27,40,56,49
929,1.8028E+11,priyanka,f,276-139-0302,Amreli,60,39,70,49,30
930,1.8028E+11,rachna,f,596-377-2832,Surat,33,28,17,58,39
931,1.8028E+11,tarannum,f,491-129-1915,Gandhinagar,58,21,27,45,23
932,1.8028E+11,priyanka,f,803-700-4013,Rajkot,59,34,41,54,52
933,1.8028E+11,babli,f,824-528-1074,Gandhinagar,25,65,19,38,40
934,1.8028E+11,lalita meena,f,840-038-2620,Bhuj,38,62,15,19,69
935,1.8028E+11,pooja,f,851-875-1799,Surat,40,26,58,35,31
936,1.8028E+11,sonia,f,750-028-1028,Gandhinagar,67,69,43,66,52
937,1.8028E+11,priya,f,503-738-8687,Bhavnagar,33,45,67,51,20
938,1.8028E+11,sushela devi,f,178-458-6601,Vadodara,49,56,16,59,59
939,1.8028E+11,sumitra bai,f,527-662-3475,Rajkot,47,39,44,49,65
940,1.8028E+11,pushpa tejshri,f,161-382-5930,Bhavnagar,59,54,41,70,68
941,1.8028E+11,sunita,f,519-353-5877,Bhavnagar,68,26,68,30,67
942,1.8028E+11,pinky kawar,f,279-872-2219,Vadodara,49,20,30,64,62
943,1.8028E+11,kum usmani,f,417-318-5766,Rajkot,36,70,37,30,50
944,1.8028E+11,rashmi,f,428-397-4833,Bhuj,18,46,47,42,48
945,1.8028E+11,smt. dayavati,f,269-094-7030,Ahmedabad,66,41,59,36,57
946,1.8028E+11,बबीता,f,542-135-3105,Bhavnagar,58,44,67,62,36
947,1.8028E+11,meena,f,908-213-7708,Surat,47,28,47,69,55
948,1.8028E+11,afsana,f,517-064-7718,Amreli,26,63,62,39,20
949,1.8028E+11,komal,f,549-060-2935,Bhuj,68,54,53,21,15
950,1.8028E+11,komal,f,592-756-3754,Vadodara,50,67,38,21,45
951,1.8028E+11,swaliya,f,682-444-6054,Bhavnagar,64,55,31,67,24
952,1.8028E+11,rukhar,f,753-647-4296,Surat,17,63,67,17,22
953,1.8028E+11,rupa kumari,f,195-647-8110,Rajkot,47,57,64,32,56
954,1.8028E+11,babita singh,f,268-045-5525,Surat,45,49,24,31,37
955,1.8028E+11,suman,f,107-562-3344,Vadodara,38,57,47,15,16
956,1.8028E+11,rakhi,f,546-588-3128,Rajkot,55,34,60,42,36
957,1.8028E+11,sushma,f,626-034-0637,Bhavnagar,26,48,59,62,54
958,1.8028E+11,yasmin,f,505-402-3073,Bhavnagar,40,51,64,40,51
959,1.8028E+11,parvesh,f,827-207-8627,Bhavnagar,62,50,19,43,48
960,1.8028E+11,nisha @ sonu,f,996-797-1059,Vadodara,22,44,37,21,64
961,1.8028E+11,keshar,f,324-839-8163,Bhavnagar,61,62,58,22,48
962,1.8028E+11,smt rani devi,f,332-181-9170,Bhavnagar,27,25,39,39,47
963,1.8028E+11,sabnam@ tinku,f,699-117-8366,Bhavnagar,24,42,22,47,29
964,1.8028E+11,gurmel kour,f,263-862-0497,Surat,63,28,43,70,24
965,1.8028E+11,manuja,f,860-431-9475,Amreli,54,23,44,63,57
966,1.8028E+11,kiran,f,104-414-4537,Amreli,19,39,54,32,64
967,1.8028E+11,pushpa devi,f,912-768-4669,Ahmedabad,26,55,32,20,57
968,1.8028E+11,deepika kumari,f,745-588-9513,Amreli,17,42,46,45,25
969,1.8028E+11,rupa,f,218-684-0915,Vadodara,28,17,68,54,61
970,1.8028E+11,pooja,f,914-611-6664,Amreli,65,40,69,27,51
971,1.8028E+11,manju,f,287-063-0964,Vadodara,25,57,64,49,34
972,1.8028E+11,mariyam @ sonam,f,528-553-5371,Ahmedabad,51,55,51,35,33
973,1.8028E+11,pramila,f,161-786-0160,Ahmedabad,38,54,55,30,20
974,1.8028E+11,chahat,f,527-144-5879,Vadodara,47,16,27,58,68
975,1.8028E+11,richa,f,888-508-3336,Vadodara,70,49,19,60,22
976,1.8028E+11,renu,f,870-512-6860,Bhavnagar,59,25,65,22,39
977,1.8028E+11,deepali,f,333-624-2155,Vadodara,41,49,35,31,27
978,1.8028E+11,bhawna,f,885-779-6795,Rajkot,37,35,21,65,62
979,1.8028E+11,laxmi bai,f,466-335-7543,Surat,16,34,62,37,52
980,1.8028E+11,soniya,f,820-377-1664,Gandhinagar,59,51,22,33,66
981,1.8028E+11,rashmi,f,435-060-7705,Gandhinagar,15,34,40,36,55
982,1.8028E+11,ravinder kaur,f,510-721-8002,Gandhinagar,61,29,65,54,29
983,1.8028E+11,babita,f,525-030-5711,Amreli,55,29,20,19,52
984,1.8028E+11,sabana @ sabbo,f,513-778-7633,Bhuj,43,62,36,62,64
985,1.8028E+11,ruji khatun,f,283-832-5202,Amreli,19,31,21,62,25
986,1.8028E+11,sonia,f,746-007-7697,Vadodara,48,65,66,45,36
987,1.8028E+11,smt punam,f,391-101-4624,Bhuj,27,48,54,46,25
988,1.8028E+11,kumari rachna,f,165-781-0653,Bhavnagar,23,34,60,64,23
989,1.8028E+11,gulista,f,113-164-1415,Ahmedabad,47,36,34,21,31
990,1.8028E+11,anita,f,730-367-4413,Surat,21,56,70,30,45
991,1.8028E+11,lalita dobhal,f,395-844-5393,Bhuj,51,26,62,44,44
992,1.8028E+11,priti suman,f,105-734-1430,Bhavnagar,17,67,19,52,46
993,1.8028E+11,ritu,f,363-368-7093,Vadodara,70,65,26,22,40
994,1.8028E+11,smt. patasi devi,f,604-292-1501,Bhavnagar,49,47,68,36,62
995,1.8028E+11,maya devi,f,737-245-6497,Amreli,39,40,38,49,55
996,1.8028E+11,rambai,f,813-423-6983,Rajkot,54,33,41,15,62
